[{"id":"@s.whatsapp.net","name":"","age":""},{"id":"6285956337454@s.whatsapp.net","name":"","age":""},{"id":"6285775901603@s.whatsapp.net","name":"6285775901603","age":"13","time":"67eff9ba5541b2f959e0"},{"id":"6283844671188@s.whatsapp.net","name":"Kmbil Bolng","age":"claim T8DGT59A","time":"d6f115bcfb15e4205310"},{"id":"62895322420336@s.whatsapp.net","name":"𝐶𝐼𝑂𝑂-𝑂𝐹𝐹𝐶","age":"Xyros,10000","time":"366cfb088a2dd9cc3936"},{"id":"6285138047989@s.whatsapp.net","name":"Neko Nicky","age":"18","time":"73efb29f1e2588b03c76"},{"id":"6289602344245@s.whatsapp.net","name":"∆sraff","age":"14","time":"4ee75d645d9ccb7d8a7f"}]